Q2,X,W,theta,Eb,nu,G1.mes,G1.mes.err,G2.mes,G2.mes.err,G1F1.mes,G1F1.mes.err,G2F1.mes,G2F1.mes.err,sigma_LT.mes,sigma_LT.mes.err,sigma_TT.mes,sigma_TT.mes.err
2.71,0.33,2.54204642,35.0,5734.0,,-0.012,0.006,0.009,0.043,-0.043,0.02,0.034,0.153,,,,
3.52,0.47,2.215400641,35.0,5734.0,,-0.005,0.004,0.026,0.013,0.04,0.035,0.207,0.103,,,,
4.83,0.6,2.022374842,45.0,5734.0,,-0.006,0.002,-0.009,0.009,0.124,0.045,-0.19,0.204,,,,
