,Q2,X,Eb,G1.mes,G1.mes.err,W
0,1.22,0.033,2750.0,-0.367,0.157,5.97910503083003
1,1.47,0.047,2750.0,-0.263,0.124,5.459541715627864
2,1.73,0.065,2750.0,-0.135,0.1,4.988525294652179
3,1.99,0.087,2750.0,-0.172,0.088,4.569853741466001
4,2.3,0.119,2750.0,-0.096,0.069,4.126467144233306
5,2.65,0.168,2750.0,-0.104,0.057,3.622679881497884
6,3.07,0.244,2750.0,-0.031,0.046,3.08414772880852
7,3.86,0.342,2750.0,0.031,0.046,2.725169665837769
8,5.25,0.464,2750.0,-0.013,0.033,2.46265206076981
